image_size,batch,is_validation,oom,latency_s,memory_bytes,energy_j,profiler_flops,latency_repeats,energy_repeats,energy_backend,gpu_total_memory_bytes
32,1,False,False,0.0006528334999416074,17713664,0.031942812982998454,18450432,100,2588,nvml_counter,15636037632
32,2,False,False,0.0006384835000403655,17824256,0.03318758256274769,36900864,100,3028,nvml_counter,15636037632
32,4,False,False,0.0006566090000319491,18045440,0.030035198873636045,73801728,100,2841,nvml_counter,15636037632
32,8,False,False,0.0006256874999053252,18487808,0.03654417325541423,147603456,100,2909,nvml_counter,15636037632
32,16,False,False,0.0006071244999930059,13793792,0.03668333333333333,295206912,100,3240,nvml_counter,15636037632
32,32,False,False,0.0006472599999938211,14907904,0.040413324913167036,590413824,100,3167,nvml_counter,15636037632
32,64,False,False,0.0009045499999729145,17136128,0.05698880275624462,1180827648,100,2322,nvml_counter,15636037632
32,65,True,False,0.0009341190000213828,17205760,0.060718799999999996,1199278080,100,2500,nvml_counter,15636037632
32,70,True,False,0.0015906279999740036,37576192,0.10035686015831134,1291530240,100,1516,nvml_counter,15636037632
32,78,True,False,0.001669497999955638,41359872,0.1074159604519774,1439133696,100,1416,nvml_counter,15636037632
32,128,False,False,0.0022796149999635418,58292736,0.15217502458210422,2361655296,100,1017,nvml_counter,15636037632
32,256,False,False,0.004492675999927087,102619648,0.2860188679245283,4723310592,67,530,nvml_counter,15636037632
48,1,True,False,0.0006317799999919771,13205504,0.03199844333748443,41121792,100,3212,nvml_counter,15636037632
48,2,True,False,0.0006550015000357234,12993024,0.03489441829186281,82243584,100,2974,nvml_counter,15636037632
48,4,True,False,0.0006480115000613296,13306368,0.03904637410519764,164487168,100,3213,nvml_counter,15636037632
48,8,True,False,0.0006265275000032489,13933056,0.03905514109633474,328974336,100,3083,nvml_counter,15636037632
48,16,True,False,0.000614517999963482,15186432,0.037810146280734515,657948672,100,3213,nvml_counter,15636037632
48,32,True,False,0.0008081020000076933,17693184,0.053876798229435634,1315897344,100,2711,nvml_counter,15636037632
48,64,True,False,0.0013514544999679856,22772224,0.08724556213017752,2631794688,100,2028,nvml_counter,15636037632
48,65,True,False,0.0013615569999956278,22863360,0.08630252525252524,2672916480,100,1980,nvml_counter,15636037632
48,70,True,False,0.002038833999961298,41518592,0.12835220125786165,2878525440,100,1272,nvml_counter,15636037632
48,78,True,False,0.00214166099999602,45752832,0.14101359223300972,3207499776,100,1030,nvml_counter,15636037632
48,128,True,False,0.0028980630000035035,65501696,0.19818971848225214,5263589376,100,817,nvml_counter,15636037632
48,256,True,False,0.00650586050005586,117037568,0.43162140992167103,10527178752,48,383,nvml_counter,15636037632
64,1,False,False,0.0006526465000433745,22919680,0.03841322570630239,72861696,100,3221,nvml_counter,15636037632
64,2,False,False,0.0006448075000093922,23067136,0.04391266375545851,145723392,100,2748,nvml_counter,15636037632
64,4,False,False,0.0006444014999829051,23853568,0.04312086811352253,291446784,100,2995,nvml_counter,15636037632
64,8,False,False,0.000652914999989207,16743424,0.04233451612903226,582893568,100,3100,nvml_counter,15636037632
64,16,False,False,0.000677101999997376,18447360,0.04351518438177874,1165787136,100,2766,nvml_counter,15636037632
64,32,False,False,0.0009881610000093133,21592576,0.06557563199336926,2331574272,100,2413,nvml_counter,15636037632
64,64,False,False,0.001754117500013308,31160832,0.11419372822299652,4663148544,100,1435,nvml_counter,15636037632
64,65,True,False,0.001780606500005888,31291904,0.11618619379354021,4736010240,100,1579,nvml_counter,15636037632
64,70,True,False,0.003105533999985255,47037952,0.2048343337334934,5100318720,100,833,nvml_counter,15636037632
64,78,True,False,0.003303946499954691,51902976,0.213001287001287,5683212288,98,777,nvml_counter,15636037632
64,128,False,False,0.005358712999964155,75594240,0.3559859484777518,9326297088,54,427,nvml_counter,15636037632
64,256,False,False,0.010856604999958108,137222656,0.7287400881057269,18652594176,29,227,nvml_counter,15636037632
112,1,True,False,0.0007006170000636303,23223808,0.04371317542561066,222492672,100,2702,nvml_counter,15636037632
112,2,True,False,0.0007320059999926798,23675392,0.04480487804878049,444985344,100,2378,nvml_counter,15636037632
112,4,True,False,0.0006543410000290351,17648640,0.0420899069927661,889970688,100,2903,nvml_counter,15636037632
112,8,True,False,0.0008698760000243055,19503616,0.05918318440292445,1779941376,100,2462,nvml_counter,15636037632
112,16,True,False,0.0014878210000119907,26327552,0.09010462670872765,3559882752,100,1902,nvml_counter,15636037632
112,32,True,False,0.0027480079999691043,39975424,0.1722089552238806,7119765504,100,1072,nvml_counter,15636037632
112,64,True,False,0.005436318500073867,67729920,0.355668458781362,14239531008,70,558,nvml_counter,15636037632
112,65,True,False,0.005804119000003993,68432384,0.38086434108527134,14462023680,65,516,nvml_counter,15636037632
112,70,True,False,0.009164650000002439,73057792,0.5992346570397112,15574487040,35,277,nvml_counter,15636037632
112,78,True,False,0.009348294999995233,81885696,0.6214923076923077,17354428416,33,260,nvml_counter,15636037632
112,128,True,False,0.017457553999975062,204773888,1.1734153846153847,28479062016,17,130,nvml_counter,15636037632
112,256,True,False,0.03574386600001844,395483648,2.4181346153846155,56958124032,10,52,nvml_counter,15636037632
128,1,False,False,0.000761636000049748,23362048,0.04775692434890451,290506752,100,2419,nvml_counter,15636037632
128,2,False,False,0.000673211499986337,16743936,0.04179093198992443,581013504,100,2779,nvml_counter,15636037632
128,4,False,False,0.0006311220000156936,18447872,0.04117111801242236,1162027008,100,3220,nvml_counter,15636037632
128,8,False,False,0.0010259909999490446,21592576,0.06770234541577826,2324054016,100,2345,nvml_counter,15636037632
128,16,False,False,0.0017294639999363426,31160832,0.10858587786259542,4648108032,100,1572,nvml_counter,15636037632
128,32,False,False,0.0033286300000554547,48331264,0.21964550264550264,9296216064,95,756,nvml_counter,15636037632
128,64,False,False,0.006957571499981441,118266368,0.4551923937360179,18592432128,56,447,nvml_counter,15636037632
128,65,True,False,0.006856736999907298,135469568,0.4569012345679012,18882938880,51,405,nvml_counter,15636037632
128,70,True,False,0.010823769000012362,140253696,0.6919606986899564,20335472640,29,229,nvml_counter,15636037632
128,78,True,False,0.011836776999984977,143137280,0.7498349056603774,22659526656,27,212,nvml_counter,15636037632
128,128,False,False,0.01929827500009651,222468608,1.2593913043478262,37184864256,15,115,nvml_counter,15636037632
128,256,False,False,0.03899253400004454,430873088,2.6001176470588234,74369728512,10,51,nvml_counter,15636037632
224,1,False,False,0.0006766549999497329,17649664,0.041645762711864404,889030656,100,1770,nvml_counter,15636037632
224,2,False,False,0.0007242230000201744,20258816,0.050158297306285335,1778061312,100,3007,nvml_counter,15636037632
224,4,False,False,0.0014228814999910355,26327552,0.0901651376146789,3556122624,100,1962,nvml_counter,15636037632
224,8,False,False,0.0027407475000700288,39975424,0.17980290644868302,7112245248,100,1101,nvml_counter,15636037632
224,16,False,False,0.005422107999947912,67729920,0.34423905723905723,14224490496,75,594,nvml_counter,15636037632
224,32,False,False,0.010732231000019965,173623808,0.697830985915493,28448980992,36,284,nvml_counter,15636037632
224,64,False,False,0.019800971499989828,334854656,1.3630873015873015,56897961984,16,126,nvml_counter,15636037632
224,65,True,False,0.02072365499998341,386898432,1.369103092783505,57786992640,13,97,nvml_counter,15636037632
224,70,True,False,0.034783245500022986,395401728,2.3584716981132074,62232145920,10,53,nvml_counter,15636037632
224,78,True,False,0.03021748949998937,409868800,1.9780303030303032,69344391168,10,66,nvml_counter,15636037632
224,128,False,False,0.05441620450000073,654408192,3.7148947368421052,113795923968,10,38,nvml_counter,15636037632
224,256,False,False,0.12016929349999828,1291942400,7.8340588235294115,227591847936,10,17,nvml_counter,15636037632
256,1,False,False,0.0009224824999591874,18448896,0.04214642857142857,1161086976,100,2520,nvml_counter,15636037632
256,2,False,False,0.0008519379999825105,21856768,0.05917433414043584,2322173952,100,2891,nvml_counter,15636037632
256,4,False,False,0.0016954705000102877,31160832,0.10706204379562043,4644347904,100,1644,nvml_counter,15636037632
256,8,False,False,0.0033757049999962874,48331264,0.21173678160919543,9288695808,100,870,nvml_counter,15636037632
256,16,False,False,0.006269123000038235,118266368,0.41230829015544046,18577391616,49,386,nvml_counter,15636037632
256,32,False,False,0.010156022499984374,222468608,0.6738675213675214,37154783232,30,234,nvml_counter,15636037632
256,64,False,False,0.025854956499983928,430873088,1.6086285714285715,74309566464,10,70,nvml_counter,15636037632
256,65,True,False,0.020791916500002117,500734464,1.427121212121212,75470653440,10,66,nvml_counter,15636037632
256,70,True,False,0.0375064005000354,512530944,2.5549999999999997,81276088320,10,53,nvml_counter,15636037632
256,78,True,False,0.04984152150001364,531405312,3.2187560975609752,90564784128,10,41,nvml_counter,15636037632
256,128,False,False,0.08112176200000931,847682048,5.176,148619132928,10,24,nvml_counter,15636037632
256,256,False,False,0.14199244800005317,1682012672,9.279066666666667,297238265856,10,15,nvml_counter,15636037632
384,1,False,False,0.0009692209999911938,22772224,0.06504701030927836,2612054016,100,2425,nvml_counter,15636037632
384,2,False,False,0.001951350000013008,32733696,0.12243198407431984,5224108032,100,1507,nvml_counter,15636037632
384,4,False,False,0.0033112219999793524,52787712,0.21495346062052506,10448216064,100,838,nvml_counter,15636037632
384,8,False,False,0.007470799500026715,94075392,0.48050117096018735,20896432128,54,427,nvml_counter,15636037632
384,16,False,False,0.01418022400002883,226589184,0.9207388888888889,41792864256,23,180,nvml_counter,15636037632
384,32,False,False,0.028811670999971284,435210752,1.902542372881356,83585728512,10,59,nvml_counter,15636037632
384,64,False,False,0.05807745900000327,856357376,3.6726944444444447,167171457024,10,36,nvml_counter,15636037632
384,65,True,False,0.059895108000034725,988549632,3.9011176470588236,169783511040,10,34,nvml_counter,15636037632
384,70,True,False,0.09582651350007154,1014370816,6.2802727272727275,182843781120,10,22,nvml_counter,15636037632
384,78,True,False,0.10541021699992825,1057493504,6.8795,203740213248,10,20,nvml_counter,15636037632
384,128,False,False,0.17021522599998207,1698789888,11.444833333333333,334342914048,10,12,nvml_counter,15636037632
384,256,False,False,0.345852369499994,3383237120,22.5471,668685828096,10,10,nvml_counter,15636037632
448,1,True,False,0.0014093410000555195,26327552,0.08556237006237007,3555182592,100,1924,nvml_counter,15636037632
448,2,True,False,0.0026204485000107525,39975424,0.16452782764811488,7110365184,100,1114,nvml_counter,15636037632
448,4,True,False,0.00508303500009788,67729920,0.33303252032520325,14220730368,77,615,nvml_counter,15636037632
448,8,True,False,0.010497862999955032,122911232,0.6910337837837838,28441460736,37,296,nvml_counter,15636037632
448,16,True,False,0.02038127200000872,306196992,1.3325229357798165,56882921472,14,109,nvml_counter,15636037632
448,32,True,False,0.039843998999970154,597805568,2.698959183673469,113765842944,10,49,nvml_counter,15636037632
448,64,True,False,0.08078452899997046,1179449856,5.27268,227531685888,10,25,nvml_counter,15636037632
448,65,True,False,0.08511936899998318,1363317248,5.474041666666667,231086868480,10,24,nvml_counter,15636037632
448,70,True,False,0.14083276650001153,1398084096,8.860133333333332,248862781440,10,15,nvml_counter,15636037632
448,78,True,False,0.14850288050001836,1456509440,9.796857142857144,277304242176,10,14,nvml_counter,15636037632
448,128,True,False,0.23442886700001964,2342738432,15.268899999999999,455063371776,10,10,nvml_counter,15636037632
448,256,True,False,0.504573511999979,4671412736,31.7169,910126743552,10,10,nvml_counter,15636037632
496,1,True,False,0.001500327000002244,29408768,0.0981222760290557,4357748736,100,1652,nvml_counter,15636037632
496,2,True,False,0.0031689444999756233,47421952,0.2053079399141631,8715497472,100,932,nvml_counter,15636037632
496,4,True,False,0.006300972999952137,81402368,0.41207867494824013,17430994944,61,483,nvml_counter,15636037632
496,8,True,False,0.012783005000017056,147544576,0.8442893617021276,34861989888,30,235,nvml_counter,15636037632
496,16,True,False,0.0259789684999987,360905216,1.6190779220779221,69723979776,10,77,nvml_counter,15636037632
496,32,True,False,0.048868103500012694,705034752,3.216439024390244,139447959552,10,41,nvml_counter,15636037632
496,64,True,False,0.10121433150004577,1395292672,6.260809523809524,278895919104,10,21,nvml_counter,15636037632
496,65,True,False,0.09829725299999836,1608618496,6.616238095238096,283253667840,10,21,nvml_counter,15636037632
496,70,True,False,0.13864083699999696,1653463552,9.099266666666667,305042411520,10,15,nvml_counter,15636037632
496,78,True,False,0.18496951050002508,1723124224,11.979181818181816,339904401408,10,11,nvml_counter,15636037632
496,128,True,False,0.2960714664999955,2775816704,19.7588,557791838208,10,10,nvml_counter,15636037632
496,256,True,False,0.5069251714999723,5538617856,34.2226,1115583676416,10,10,nvml_counter,15636037632
512,1,False,False,0.0016851725000037732,31160832,0.10347905282331513,4643407872,100,1647,nvml_counter,15636037632
512,2,False,False,0.0032014449999451244,48331264,0.2086473829201102,9286815744,91,726,nvml_counter,15636037632
512,4,False,False,0.006548035499974958,83982848,0.4287539149888143,18573631488,56,447,nvml_counter,15636037632
512,8,False,False,0.012833620499975495,155286016,0.8447214611872146,37147262976,28,219,nvml_counter,15636037632
512,16,False,False,0.024089403999994374,398684672,1.6531447368421053,74294525952,10,76,nvml_counter,15636037632
512,32,False,False,0.04980394649999198,783305216,3.3744146341463415,148589051904,10,41,nvml_counter,15636037632
512,64,False,False,0.10066124799999443,1552546304,6.64905,297178103808,10,20,nvml_counter,15636037632
512,65,True,False,0.10634029750002583,1797356032,6.592842105263157,301821511680,10,19,nvml_counter,15636037632
512,70,True,False,0.17049009350006372,1843493376,10.96525,325038551040,10,12,nvml_counter,15636037632
512,78,True,False,0.1919530019999911,1918990848,12.435272727272729,362185814016,10,11,nvml_counter,15636037632
512,128,False,False,0.3027420160000247,3091298816,19.8146,594356207616,10,10,nvml_counter,15636037632
512,256,False,False,0.6036463820000222,6167992832,39.0925,1188712415232,10,10,nvml_counter,15636037632
